en,zh
hello,你好
world,世界
thank you,谢谢
yes,是
no,不
goodbye,再见
please,请
sorry,对不起
water,水
food,食物
book,书
computer,电脑
phone,手机
time,时间
day,天
night,夜晚
morning,早晨
afternoon,下午
evening,晚上
today,今天
tomorrow,明天
yesterday,昨天
friend,朋友
family,家庭
mother,母亲
father,父亲
home,家
school,学校
work,工作
love,爱
like,喜欢
hate,讨厌
big,大
small,小
good,好
bad,坏
hot,热
cold,冷
happy,快乐
sad,悲伤
fast,快
slow,慢
new,新
old,旧
open,打开
close,关闭
start,开始
stop,停止
eat,吃
drink,喝
sleep,睡觉
walk,走
run,跑
read,读
write,写
music,音乐
film,电影
game,游戏
car,汽车
money,钱
sun,太阳
moon,月亮
milk,牛奶
